Report name,Ad Manager Report
Report type,Historical
Report result ID,
Report currency,USD
Publisher network,M Shanken - DFP
User,mcapace@mshanken.com
Date/Time generated,"October 2, 2026 5:05:00 PM EDT"
Date range,"Apr 18, 2026 - Aug 20, 2026"
Time zone,America/New_York
Filters,Order = DAVIDOFF-2026-CA-SUITE

Creative,Date,Ad server impressions,Ad server clicks,Ad server CTR,Ad server CPM and CPC revenue,Ad server average eCPM w/o CPD
avo_expresivo_editorial,2026-06-26,444,6,0.0135,5.33,12.00
avo_expresivo_editorial,2026-06-26,354,3,0.0085,4.25,12.00
avo_expresivo_editorial,2026-06-27,1148,7,0.0061,13.78,12.00
avo_expresivo_editorial,2026-06-27,913,6,0.0066,10.96,12.00
avo_expresivo_editorial,2026-06-28,380,2,0.0053,4.56,12.00
avo_expresivo_editorial,2026-06-28,302,2,0.0066,3.62,12.00
avo_expresivo_editorial,2026-06-29,672,11,0.0164,8.06,12.00
avo_expresivo_editorial,2026-06-29,534,9,0.0169,6.41,12.00
avo_expresivo_editorial,2026-06-30,244,2,0.0082,2.93,12.00
avo_expresivo_editorial,2026-06-30,194,2,0.0103,2.33,12.00
avo_expresivo_editorial,2026-07-01,746,6,0.008,8.95,12.00
avo_expresivo_editorial,2026-07-01,594,5,0.0084,7.13,12.00
avo_expresivo_editorial,2026-07-02,1069,14,0.0131,12.83,12.00
avo_expresivo_editorial,2026-07-02,851,11,0.0129,10.21,12.00
avo_expresivo_editorial,2026-07-03,852,14,0.0164,10.22,12.00
avo_expresivo_editorial,2026-07-03,677,11,0.0162,8.12,12.00
avo_expresivo_editorial,2026-07-04,556,6,0.0108,6.67,12.00
avo_expresivo_editorial,2026-07-04,442,4,0.009,5.30,12.00
avo_expresivo_editorial,2026-07-05,1015,9,0.0089,12.18,12.00
avo_expresivo_editorial,2026-07-05,808,7,0.0087,9.70,12.00
avo_expresivo_editorial,2026-07-06,1297,20,0.0154,15.56,12.00
avo_expresivo_editorial,2026-07-06,1031,16,0.0155,12.37,12.00
avo_expresivo_editorial,2026-07-07,651,11,0.0169,7.81,12.00
avo_expresivo_editorial,2026-07-07,518,8,0.0154,6.22,12.00
avo_expresivo_editorial,2026-07-08,456,7,0.0154,5.47,12.00
avo_expresivo_editorial,2026-07-08,362,5,0.0138,4.34,12.00
avo_expresivo_editorial,2026-07-09,439,1,0.0023,5.27,12.00
avo_expresivo_editorial,2026-07-09,349,1,0.0029,4.19,12.00
avo_expresivo_editorial,2026-07-10,428,2,0.0047,5.14,12.00
avo_expresivo_editorial,2026-07-10,340,1,0.0029,4.08,12.00
avo_expresivo_editorial,2026-07-11,238,2,0.0084,2.86,12.00
avo_expresivo_editorial,2026-07-11,189,2,0.0106,2.27,12.00
avo_expresivo_editorial,2026-07-12,317,4,0.0126,3.80,12.00
avo_expresivo_editorial,2026-07-12,252,4,0.0159,3.02,12.00
avo_expresivo_editorial,2026-07-13,374,6,0.016,4.49,12.00
avo_expresivo_editorial,2026-07-13,298,5,0.0168,3.58,12.00
avo_expresivo_editorial,2026-07-14,444,2,0.0045,5.33,12.00
avo_expresivo_editorial,2026-07-14,353,2,0.0057,4.24,12.00
avo_expresivo_editorial,2026-07-15,882,8,0.0091,10.58,12.00
avo_expresivo_editorial,2026-07-15,701,6,0.0086,8.41,12.00
avo_expresivo_editorial,2026-07-16,1070,17,0.0159,12.84,12.00
avo_expresivo_editorial,2026-07-16,851,13,0.0153,10.21,12.00
avo_expresivo_editorial,2026-07-17,952,8,0.0084,11.42,12.00
avo_expresivo_editorial,2026-07-17,757,6,0.0079,9.08,12.00
avo_expresivo_editorial,2026-07-18,610,6,0.0098,7.32,12.00
avo_expresivo_editorial,2026-07-18,486,5,0.0103,5.83,12.00
avo_expresivo_editorial,2026-07-19,467,3,0.0064,5.60,12.00
avo_expresivo_editorial,2026-07-19,371,2,0.0054,4.45,12.00
avo_expresivo_editorial,2026-07-20,369,1,0.0027,4.43,12.00
avo_expresivo_editorial,2026-07-20,293,1,0.0034,3.52,12.00
avo_expresivo_editorial,2026-07-21,670,9,0.0134,8.04,12.00
avo_expresivo_editorial,2026-07-21,533,7,0.0131,6.40,12.00
avo_expresivo_editorial,2026-07-22,749,3,0.004,8.99,12.00
avo_expresivo_editorial,2026-07-22,596,3,0.005,7.15,12.00
avo_expresivo_editorial,2026-07-23,360,4,0.0111,4.32,12.00
avo_expresivo_editorial,2026-07-23,287,3,0.0105,3.44,12.00
avo_expresivo_editorial,2026-07-24,307,4,0.013,3.68,12.00
avo_expresivo_editorial,2026-07-24,245,4,0.0163,2.94,12.00
avo_expresivo_editorial,2026-07-25,816,8,0.0098,9.79,12.00
avo_expresivo_editorial,2026-07-25,649,6,0.0092,7.79,12.00
avo_expresivo_editorial,2026-07-26,910,14,0.0154,10.92,12.00
avo_expresivo_editorial,2026-07-26,724,12,0.0166,8.69,12.00
avo_expresivo_editorial,2026-07-27,619,5,0.0081,7.43,12.00
avo_expresivo_editorial,2026-07-27,492,4,0.0081,5.90,12.00
avo_expresivo_editorial,2026-07-28,825,13,0.0158,9.90,12.00
avo_expresivo_editorial,2026-07-28,657,10,0.0152,7.88,12.00
avo_expresivo_editorial,2026-07-29,374,1,0.0027,4.49,12.00
avo_expresivo_editorial,2026-07-29,298,1,0.0034,3.58,12.00
avo_expresivo_editorial,2026-07-30,1026,14,0.0136,12.31,12.00
avo_expresivo_editorial,2026-07-30,816,11,0.0135,9.79,12.00
avo_expresivo_editorial,2026-07-31,588,7,0.0119,7.06,12.00
avo_expresivo_editorial,2026-07-31,468,6,0.0128,5.62,12.00
avo_expresivo_native_card,2026-06-26,208,2,0.0096,2.50,12.00
avo_expresivo_native_card,2026-06-27,548,3,0.0055,6.58,12.00
avo_expresivo_native_card,2026-06-28,181,1,0.0055,2.17,12.00
avo_expresivo_native_card,2026-06-29,321,5,0.0156,3.85,12.00
avo_expresivo_native_card,2026-06-30,117,1,0.0085,1.40,12.00
avo_expresivo_native_card,2026-07-01,356,3,0.0084,4.27,12.00
avo_expresivo_native_card,2026-07-02,510,7,0.0137,6.12,12.00
avo_expresivo_native_card,2026-07-03,406,7,0.0172,4.87,12.00
avo_expresivo_native_card,2026-07-04,265,3,0.0113,3.18,12.00
avo_expresivo_native_card,2026-07-05,485,4,0.0082,5.82,12.00
avo_expresivo_native_card,2026-07-06,619,9,0.0145,7.43,12.00
avo_expresivo_native_card,2026-07-07,310,5,0.0161,3.72,12.00
avo_expresivo_native_card,2026-07-08,217,3,0.0138,2.60,12.00
avo_expresivo_native_card,2026-07-09,210,1,0.0048,2.52,12.00
avo_expresivo_native_card,2026-07-10,204,1,0.0049,2.45,12.00
avo_expresivo_native_card,2026-07-11,113,1,0.0088,1.36,12.00
avo_expresivo_native_card,2026-07-12,152,2,0.0132,1.82,12.00
avo_expresivo_native_card,2026-07-13,179,3,0.0168,2.15,12.00
avo_expresivo_native_card,2026-07-14,212,1,0.0047,2.54,12.00
avo_expresivo_native_card,2026-07-15,421,4,0.0095,5.05,12.00
avo_expresivo_native_card,2026-07-16,511,8,0.0157,6.13,12.00
avo_expresivo_native_card,2026-07-17,455,4,0.0088,5.46,12.00
avo_expresivo_native_card,2026-07-18,291,3,0.0103,3.49,12.00
avo_expresivo_native_card,2026-07-19,223,2,0.009,2.68,12.00
avo_expresivo_native_card,2026-07-20,176,1,0.0057,2.11,12.00
avo_expresivo_native_card,2026-07-21,320,5,0.0156,3.84,12.00
avo_expresivo_native_card,2026-07-22,357,2,0.0056,4.28,12.00
avo_expresivo_native_card,2026-07-23,172,2,0.0116,2.06,12.00
avo_expresivo_native_card,2026-07-24,147,2,0.0136,1.76,12.00
avo_expresivo_native_card,2026-07-25,390,4,0.0103,4.68,12.00
avo_expresivo_native_card,2026-07-26,435,7,0.0161,5.22,12.00
avo_expresivo_native_card,2026-07-27,296,2,0.0068,3.55,12.00
avo_expresivo_native_card,2026-07-28,394,6,0.0152,4.73,12.00
avo_expresivo_native_card,2026-07-29,179,0,0.0,2.15,12.00
avo_expresivo_native_card,2026-07-30,490,6,0.0122,5.88,12.00
avo_expresivo_native_card,2026-07-31,281,3,0.0107,3.37,12.00
avo_expresivo_ros_300x250_html5,2026-06-25,421,0,0.0,4.21,10.00
avo_expresivo_ros_300x250_html5,2026-06-26,730,0,0.0,7.30,10.00
avo_expresivo_ros_300x250_html5,2026-06-27,848,1,0.0012,8.48,10.00
avo_expresivo_ros_300x250_html5,2026-06-28,680,1,0.0015,6.80,10.00
avo_expresivo_ros_300x250_html5,2026-06-29,1081,3,0.0028,10.81,10.00
avo_expresivo_ros_300x250_html5,2026-06-30,1541,4,0.0026,15.41,10.00
avo_expresivo_ros_300x250_html5,2026-07-01,509,1,0.002,5.09,10.00
avo_expresivo_ros_300x250_html5,2026-07-02,659,3,0.0046,6.59,10.00
avo_expresivo_ros_300x250_html5,2026-07-03,636,3,0.0047,6.36,10.00
avo_expresivo_ros_300x250_html5,2026-07-04,1376,4,0.0029,13.76,10.00
avo_expresivo_ros_300x250_html5,2026-07-05,1148,2,0.0017,11.48,10.00
avo_expresivo_ros_300x250_html5,2026-07-06,1590,7,0.0044,15.90,10.00
avo_expresivo_ros_300x250_html5,2026-07-07,1177,2,0.0017,11.77,10.00
avo_expresivo_ros_300x250_html5,2026-07-08,1451,5,0.0034,14.51,10.00
avo_expresivo_ros_300x250_html5,2026-07-09,854,4,0.0047,8.54,10.00
avo_expresivo_ros_300x250_html5,2026-07-10,733,2,0.0027,7.33,10.00
avo_expresivo_ros_300x250_html5,2026-07-11,1741,5,0.0029,17.41,10.00
avo_expresivo_ros_300x250_html5,2026-07-12,1013,4,0.0039,10.13,10.00
avo_expresivo_ros_300x250_html5,2026-07-13,1233,2,0.0016,12.33,10.00
avo_expresivo_ros_300x250_html5,2026-07-14,703,1,0.0014,7.03,10.00
avo_expresivo_ros_300x250_html5,2026-07-15,797,4,0.005,7.97,10.00
avo_expresivo_ros_300x250_html5,2026-07-16,513,2,0.0039,5.13,10.00
avo_expresivo_ros_300x250_html5,2026-07-17,433,1,0.0023,4.33,10.00
avo_expresivo_ros_300x250_html5,2026-07-18,599,1,0.0017,5.99,10.00
avo_expresivo_ros_300x250_html5,2026-07-19,1635,7,0.0043,16.35,10.00
avo_expresivo_ros_300x250_html5,2026-07-20,1896,7,0.0037,18.96,10.00
avo_expresivo_ros_300x250_html5,2026-07-21,661,1,0.0015,6.61,10.00
avo_expresivo_ros_300x250_html5,2026-07-22,1431,5,0.0035,14.31,10.00
avo_expresivo_ros_300x250_html5,2026-07-23,2775,8,0.0029,27.75,10.00
avo_expresivo_ros_300x250_html5,2026-07-24,987,2,0.002,9.87,10.00
avo_expresivo_ros_300x250_html5,2026-07-25,526,2,0.0038,5.26,10.00
avo_expresivo_ros_300x250_html5,2026-07-26,1501,3,0.002,15.01,10.00
avo_expresivo_ros_300x250_html5,2026-07-27,1259,1,0.0008,12.59,10.00
avo_expresivo_ros_300x250_html5,2026-07-28,1233,2,0.0016,12.33,10.00
avo_expresivo_ros_300x250_html5,2026-07-29,1747,8,0.0046,17.47,10.00
avo_expresivo_ros_300x250_html5,2026-07-30,735,3,0.0041,7.35,10.00
avo_expresivo_ros_300x250_html5,2026-07-31,1497,2,0.0013,14.97,10.00
avo_expresivo_ros_300x250_html5,2026-08-01,1346,2,0.0015,13.46,10.00
avo_expresivo_ros_300x250_html5,2026-08-02,1051,4,0.0038,10.51,10.00
avo_expresivo_ros_300x250_html5,2026-08-03,2247,8,0.0036,22.47,10.00
avo_expresivo_ros_300x250_html5,2026-08-04,652,3,0.0046,6.52,10.00
avo_expresivo_ros_300x250_html5,2026-08-05,1748,7,0.004,17.48,10.00
avo_expresivo_ros_300x250_html5,2026-08-06,2511,12,0.0048,25.11,10.00
avo_expresivo_ros_300x250_html5,2026-08-07,677,2,0.003,6.77,10.00
avo_expresivo_ros_300x250_html5,2026-08-08,1673,2,0.0012,16.73,10.00
avo_expresivo_ros_300x250_html5,2026-08-09,1672,6,0.0036,16.72,10.00
avo_expresivo_ros_300x250_html5,2026-08-10,1167,1,0.0009,11.67,10.00
avo_expresivo_ros_300x250_html5,2026-08-11,1038,2,0.0019,10.38,10.00
avo_expresivo_ros_300x250_html5,2026-08-12,1340,3,0.0022,13.40,10.00
avo_expresivo_ros_300x250_html5,2026-08-13,1304,6,0.0046,13.04,10.00
avo_expresivo_ros_300x250_html5,2026-08-14,861,2,0.0023,8.61,10.00
avo_expresivo_ros_300x250_html5,2026-08-15,1886,4,0.0021,18.86,10.00
avo_expresivo_ros_300x250_html5,2026-08-16,399,2,0.005,3.99,10.00
avo_expresivo_ros_300x250_html5,2026-08-17,1606,5,0.0031,16.06,10.00
avo_expresivo_ros_300x250_html5,2026-08-18,1498,7,0.0047,14.98,10.00
avo_expresivo_ros_300x250_html5,2026-08-19,1177,6,0.0051,11.77,10.00
avo_expresivo_ros_300x250_html5,2026-08-20,1167,5,0.0043,11.67,10.00
avo_expresivo_ros_300x600_html5,2026-06-25,535,2,0.0037,5.35,10.00
avo_expresivo_ros_300x600_html5,2026-06-26,926,1,0.0011,9.26,10.00
avo_expresivo_ros_300x600_html5,2026-06-27,1076,3,0.0028,10.76,10.00
avo_expresivo_ros_300x600_html5,2026-06-28,863,1,0.0012,8.63,10.00
avo_expresivo_ros_300x600_html5,2026-06-29,1373,3,0.0022,13.73,10.00
avo_expresivo_ros_300x600_html5,2026-06-30,1956,6,0.0031,19.56,10.00
avo_expresivo_ros_300x600_html5,2026-07-01,647,2,0.0031,6.47,10.00
avo_expresivo_ros_300x600_html5,2026-07-02,836,4,0.0048,8.36,10.00
avo_expresivo_ros_300x600_html5,2026-07-03,807,3,0.0037,8.07,10.00
avo_expresivo_ros_300x600_html5,2026-07-04,1747,6,0.0034,17.47,10.00
avo_expresivo_ros_300x600_html5,2026-07-05,1458,2,0.0014,14.58,10.00
avo_expresivo_ros_300x600_html5,2026-07-06,2018,9,0.0045,20.18,10.00
avo_expresivo_ros_300x600_html5,2026-07-07,1494,3,0.002,14.94,10.00
avo_expresivo_ros_300x600_html5,2026-07-08,1841,6,0.0033,18.41,10.00
avo_expresivo_ros_300x600_html5,2026-07-09,1083,5,0.0046,10.83,10.00
avo_expresivo_ros_300x600_html5,2026-07-10,930,2,0.0022,9.30,10.00
avo_expresivo_ros_300x600_html5,2026-07-11,2210,6,0.0027,22.10,10.00
avo_expresivo_ros_300x600_html5,2026-07-12,1286,5,0.0039,12.86,10.00
avo_expresivo_ros_300x600_html5,2026-07-13,1565,3,0.0019,15.65,10.00
avo_expresivo_ros_300x600_html5,2026-07-14,893,1,0.0011,8.93,10.00
avo_expresivo_ros_300x600_html5,2026-07-15,1011,5,0.0049,10.11,10.00
avo_expresivo_ros_300x600_html5,2026-07-16,651,3,0.0046,6.51,10.00
avo_expresivo_ros_300x600_html5,2026-07-17,549,1,0.0018,5.49,10.00
avo_expresivo_ros_300x600_html5,2026-07-18,761,2,0.0026,7.61,10.00
avo_expresivo_ros_300x600_html5,2026-07-19,2076,8,0.0039,20.76,10.00
avo_expresivo_ros_300x600_html5,2026-07-20,2407,8,0.0033,24.07,10.00
avo_expresivo_ros_300x600_html5,2026-07-21,839,2,0.0024,8.39,10.00
avo_expresivo_ros_300x600_html5,2026-07-22,1816,6,0.0033,18.16,10.00
avo_expresivo_ros_300x600_html5,2026-07-23,3521,10,0.0028,35.21,10.00
avo_expresivo_ros_300x600_html5,2026-07-24,1253,3,0.0024,12.53,10.00
avo_expresivo_ros_300x600_html5,2026-07-25,668,3,0.0045,6.68,10.00
avo_expresivo_ros_300x600_html5,2026-07-26,1905,3,0.0016,19.05,10.00
avo_expresivo_ros_300x600_html5,2026-07-27,1598,2,0.0013,15.98,10.00
avo_expresivo_ros_300x600_html5,2026-07-28,1565,3,0.0019,15.65,10.00
avo_expresivo_ros_300x600_html5,2026-07-29,2217,10,0.0045,22.17,10.00
avo_expresivo_ros_300x600_html5,2026-07-30,932,3,0.0032,9.32,10.00
avo_expresivo_ros_300x600_html5,2026-07-31,1899,2,0.0011,18.99,10.00
avo_expresivo_ros_300x600_html5,2026-08-01,1709,2,0.0012,17.09,10.00
avo_expresivo_ros_300x600_html5,2026-08-02,1333,5,0.0038,13.33,10.00
avo_expresivo_ros_300x600_html5,2026-08-03,2851,11,0.0039,28.51,10.00
avo_expresivo_ros_300x600_html5,2026-08-04,828,3,0.0036,8.28,10.00
avo_expresivo_ros_300x600_html5,2026-08-05,2219,9,0.0041,22.19,10.00
avo_expresivo_ros_300x600_html5,2026-08-06,3186,15,0.0047,31.86,10.00
avo_expresivo_ros_300x600_html5,2026-08-07,859,3,0.0035,8.59,10.00
avo_expresivo_ros_300x600_html5,2026-08-08,2124,2,0.0009,21.24,10.00
avo_expresivo_ros_300x600_html5,2026-08-09,2123,7,0.0033,21.23,10.00
avo_expresivo_ros_300x600_html5,2026-08-10,1482,1,0.0007,14.82,10.00
avo_expresivo_ros_300x600_html5,2026-08-11,1317,2,0.0015,13.17,10.00
avo_expresivo_ros_300x600_html5,2026-08-12,1700,4,0.0024,17.00,10.00
avo_expresivo_ros_300x600_html5,2026-08-13,1655,8,0.0048,16.55,10.00
avo_expresivo_ros_300x600_html5,2026-08-14,1093,2,0.0018,10.93,10.00
avo_expresivo_ros_300x600_html5,2026-08-15,2394,4,0.0017,23.94,10.00
avo_expresivo_ros_300x600_html5,2026-08-16,507,2,0.0039,5.07,10.00
avo_expresivo_ros_300x600_html5,2026-08-17,2038,7,0.0034,20.38,10.00
avo_expresivo_ros_300x600_html5,2026-08-18,1901,9,0.0047,19.01,10.00
avo_expresivo_ros_300x600_html5,2026-08-19,1493,7,0.0047,14.93,10.00
avo_expresivo_ros_300x600_html5,2026-08-20,1482,6,0.004,14.82,10.00
avo_expresivo_ros_320x50_html5,2026-06-25,280,3,0.0107,2.80,10.00
avo_expresivo_ros_320x50_html5,2026-06-26,477,1,0.0021,4.77,10.00
avo_expresivo_ros_320x50_html5,2026-06-27,554,2,0.0036,5.54,10.00
avo_expresivo_ros_320x50_html5,2026-06-28,445,1,0.0022,4.45,10.00
avo_expresivo_ros_320x50_html5,2026-06-29,707,2,0.0028,7.07,10.00
avo_expresivo_ros_320x50_html5,2026-06-30,1007,3,0.003,10.07,10.00
avo_expresivo_ros_320x50_html5,2026-07-01,333,1,0.003,3.33,10.00
avo_expresivo_ros_320x50_html5,2026-07-02,431,2,0.0046,4.31,10.00
avo_expresivo_ros_320x50_html5,2026-07-03,416,2,0.0048,4.16,10.00
avo_expresivo_ros_320x50_html5,2026-07-04,900,3,0.0033,9.00,10.00
avo_expresivo_ros_320x50_html5,2026-07-05,751,1,0.0013,7.51,10.00
avo_expresivo_ros_320x50_html5,2026-07-06,1039,4,0.0038,10.39,10.00
avo_expresivo_ros_320x50_html5,2026-07-07,770,1,0.0013,7.70,10.00
avo_expresivo_ros_320x50_html5,2026-07-08,949,3,0.0032,9.49,10.00
avo_expresivo_ros_320x50_html5,2026-07-09,558,2,0.0036,5.58,10.00
avo_expresivo_ros_320x50_html5,2026-07-10,479,1,0.0021,4.79,10.00
avo_expresivo_ros_320x50_html5,2026-07-11,1139,3,0.0026,11.39,10.00
avo_expresivo_ros_320x50_html5,2026-07-12,662,2,0.003,6.62,10.00
avo_expresivo_ros_320x50_html5,2026-07-13,806,2,0.0025,8.06,10.00
avo_expresivo_ros_320x50_html5,2026-07-14,460,0,0.0,4.60,10.00
avo_expresivo_ros_320x50_html5,2026-07-15,521,2,0.0038,5.21,10.00
avo_expresivo_ros_320x50_html5,2026-07-16,335,1,0.003,3.35,10.00
avo_expresivo_ros_320x50_html5,2026-07-17,283,0,0.0,2.83,10.00
avo_expresivo_ros_320x50_html5,2026-07-18,392,1,0.0026,3.92,10.00
avo_expresivo_ros_320x50_html5,2026-07-19,1069,4,0.0037,10.69,10.00
avo_expresivo_ros_320x50_html5,2026-07-20,1240,4,0.0032,12.40,10.00
avo_expresivo_ros_320x50_html5,2026-07-21,432,1,0.0023,4.32,10.00
avo_expresivo_ros_320x50_html5,2026-07-22,935,3,0.0032,9.35,10.00
avo_expresivo_ros_320x50_html5,2026-07-23,1814,5,0.0028,18.14,10.00
avo_expresivo_ros_320x50_html5,2026-07-24,645,2,0.0031,6.45,10.00
avo_expresivo_ros_320x50_html5,2026-07-25,344,2,0.0058,3.44,10.00
avo_expresivo_ros_320x50_html5,2026-07-26,982,2,0.002,9.82,10.00
avo_expresivo_ros_320x50_html5,2026-07-27,823,1,0.0012,8.23,10.00
avo_expresivo_ros_320x50_html5,2026-07-28,806,2,0.0025,8.06,10.00
avo_expresivo_ros_320x50_html5,2026-07-29,1142,5,0.0044,11.42,10.00
avo_expresivo_ros_320x50_html5,2026-07-30,480,2,0.0042,4.80,10.00
avo_expresivo_ros_320x50_html5,2026-07-31,979,1,0.001,9.79,10.00
avo_expresivo_ros_320x50_html5,2026-08-01,880,1,0.0011,8.80,10.00
avo_expresivo_ros_320x50_html5,2026-08-02,687,2,0.0029,6.87,10.00
avo_expresivo_ros_320x50_html5,2026-08-03,1469,5,0.0034,14.69,10.00
avo_expresivo_ros_320x50_html5,2026-08-04,426,2,0.0047,4.26,10.00
avo_expresivo_ros_320x50_html5,2026-08-05,1143,4,0.0035,11.43,10.00
avo_expresivo_ros_320x50_html5,2026-08-06,1642,7,0.0043,16.42,10.00
avo_expresivo_ros_320x50_html5,2026-08-07,442,1,0.0023,4.42,10.00
avo_expresivo_ros_320x50_html5,2026-08-08,1094,1,0.0009,10.94,10.00
avo_expresivo_ros_320x50_html5,2026-08-09,1093,4,0.0037,10.93,10.00
avo_expresivo_ros_320x50_html5,2026-08-10,763,1,0.0013,7.63,10.00
avo_expresivo_ros_320x50_html5,2026-08-11,678,1,0.0015,6.78,10.00
avo_expresivo_ros_320x50_html5,2026-08-12,876,2,0.0023,8.76,10.00
avo_expresivo_ros_320x50_html5,2026-08-13,852,4,0.0047,8.52,10.00
avo_expresivo_ros_320x50_html5,2026-08-14,563,1,0.0018,5.63,10.00
avo_expresivo_ros_320x50_html5,2026-08-15,1233,2,0.0016,12.33,10.00
avo_expresivo_ros_320x50_html5,2026-08-16,261,1,0.0038,2.61,10.00
avo_expresivo_ros_320x50_html5,2026-08-17,1050,4,0.0038,10.50,10.00
avo_expresivo_ros_320x50_html5,2026-08-18,980,5,0.0051,9.80,10.00
avo_expresivo_ros_320x50_html5,2026-08-19,769,4,0.0052,7.69,10.00
avo_expresivo_ros_320x50_html5,2026-08-20,763,3,0.0039,7.63,10.00
avo_expresivo_ros_728x90_html5,2026-06-25,383,0,0.0,3.83,10.00
avo_expresivo_ros_728x90_html5,2026-06-26,674,1,0.0015,6.74,10.00
avo_expresivo_ros_728x90_html5,2026-06-27,782,2,0.0026,7.82,10.00
avo_expresivo_ros_728x90_html5,2026-06-28,628,1,0.0016,6.28,10.00
avo_expresivo_ros_728x90_html5,2026-06-29,998,2,0.002,9.98,10.00
avo_expresivo_ros_728x90_html5,2026-06-30,1422,4,0.0028,14.22,10.00
avo_expresivo_ros_728x90_html5,2026-07-01,470,1,0.0021,4.70,10.00
avo_expresivo_ros_728x90_html5,2026-07-02,608,3,0.0049,6.08,10.00
avo_expresivo_ros_728x90_html5,2026-07-03,587,2,0.0034,5.87,10.00
avo_expresivo_ros_728x90_html5,2026-07-04,1271,4,0.0031,12.71,10.00
avo_expresivo_ros_728x90_html5,2026-07-05,1060,2,0.0019,10.60,10.00
avo_expresivo_ros_728x90_html5,2026-07-06,1468,6,0.0041,14.68,10.00
avo_expresivo_ros_728x90_html5,2026-07-07,1087,2,0.0018,10.87,10.00
avo_expresivo_ros_728x90_html5,2026-07-08,1339,4,0.003,13.39,10.00
avo_expresivo_ros_728x90_html5,2026-07-09,788,4,0.0051,7.88,10.00
avo_expresivo_ros_728x90_html5,2026-07-10,676,2,0.003,6.76,10.00
avo_expresivo_ros_728x90_html5,2026-07-11,1608,5,0.0031,16.08,10.00
avo_expresivo_ros_728x90_html5,2026-07-12,935,4,0.0043,9.35,10.00
avo_expresivo_ros_728x90_html5,2026-07-13,1139,2,0.0018,11.39,10.00
avo_expresivo_ros_728x90_html5,2026-07-14,649,1,0.0015,6.49,10.00
avo_expresivo_ros_728x90_html5,2026-07-15,736,4,0.0054,7.36,10.00
avo_expresivo_ros_728x90_html5,2026-07-16,473,2,0.0042,4.73,10.00
avo_expresivo_ros_728x90_html5,2026-07-17,399,1,0.0025,3.99,10.00
avo_expresivo_ros_728x90_html5,2026-07-18,553,1,0.0018,5.53,10.00
avo_expresivo_ros_728x90_html5,2026-07-19,1510,6,0.004,15.10,10.00
avo_expresivo_ros_728x90_html5,2026-07-20,1751,6,0.0034,17.51,10.00
avo_expresivo_ros_728x90_html5,2026-07-21,610,1,0.0016,6.10,10.00
avo_expresivo_ros_728x90_html5,2026-07-22,1321,5,0.0038,13.21,10.00
avo_expresivo_ros_728x90_html5,2026-07-23,2561,7,0.0027,25.61,10.00
avo_expresivo_ros_728x90_html5,2026-07-24,911,2,0.0022,9.11,10.00
avo_expresivo_ros_728x90_html5,2026-07-25,486,2,0.0041,4.86,10.00
avo_expresivo_ros_728x90_html5,2026-07-26,1386,3,0.0022,13.86,10.00
avo_expresivo_ros_728x90_html5,2026-07-27,1163,1,0.0009,11.63,10.00
avo_expresivo_ros_728x90_html5,2026-07-28,1139,2,0.0018,11.39,10.00
avo_expresivo_ros_728x90_html5,2026-07-29,1613,7,0.0043,16.13,10.00
avo_expresivo_ros_728x90_html5,2026-07-30,678,3,0.0044,6.78,10.00
avo_expresivo_ros_728x90_html5,2026-07-31,1381,1,0.0007,13.81,10.00
avo_expresivo_ros_728x90_html5,2026-08-01,1243,2,0.0016,12.43,10.00
avo_expresivo_ros_728x90_html5,2026-08-02,970,4,0.0041,9.70,10.00
avo_expresivo_ros_728x90_html5,2026-08-03,2074,8,0.0039,20.74,10.00
avo_expresivo_ros_728x90_html5,2026-08-04,602,3,0.005,6.02,10.00
avo_expresivo_ros_728x90_html5,2026-08-05,1614,6,0.0037,16.14,10.00
avo_expresivo_ros_728x90_html5,2026-08-06,2317,11,0.0047,23.17,10.00
avo_expresivo_ros_728x90_html5,2026-08-07,625,2,0.0032,6.25,10.00
avo_expresivo_ros_728x90_html5,2026-08-08,1545,1,0.0006,15.45,10.00
avo_expresivo_ros_728x90_html5,2026-08-09,1544,5,0.0032,15.44,10.00
avo_expresivo_ros_728x90_html5,2026-08-10,1078,1,0.0009,10.78,10.00
avo_expresivo_ros_728x90_html5,2026-08-11,958,2,0.0021,9.58,10.00
avo_expresivo_ros_728x90_html5,2026-08-12,1236,3,0.0024,12.36,10.00
avo_expresivo_ros_728x90_html5,2026-08-13,1203,6,0.005,12.03,10.00
avo_expresivo_ros_728x90_html5,2026-08-14,795,1,0.0013,7.95,10.00
avo_expresivo_ros_728x90_html5,2026-08-15,1741,3,0.0017,17.41,10.00
avo_expresivo_ros_728x90_html5,2026-08-16,368,2,0.0054,3.68,10.00
avo_expresivo_ros_728x90_html5,2026-08-17,1483,5,0.0034,14.83,10.00
avo_expresivo_ros_728x90_html5,2026-08-18,1383,7,0.0051,13.83,10.00
avo_expresivo_ros_728x90_html5,2026-08-19,1086,5,0.0046,10.86,10.00
avo_expresivo_ros_728x90_html5,2026-08-20,1078,4,0.0037,10.78,10.00
high_impact_interstitial_popup,2026-04-18,7490,81,0.0108,119.84,16.00
high_impact_interstitial_popup,2026-04-19,3754,27,0.0072,60.06,16.00
high_impact_interstitial_popup,2026-04-20,4176,14,0.0034,66.82,16.00
high_impact_interstitial_popup,2026-04-21,5218,38,0.0073,83.49,16.00
high_impact_interstitial_popup,2026-04-22,8278,22,0.0027,132.45,16.00
high_impact_interstitial_popup,2026-04-23,3310,34,0.0103,52.96,16.00
high_impact_interstitial_popup,2026-04-24,7090,47,0.0066,113.44,16.00
high_impact_interstitial_popup,2026-04-25,6078,37,0.0061,97.25,16.00
high_impact_interstitial_popup,2026-04-26,7282,86,0.0118,116.51,16.00
high_impact_interstitial_popup,2026-04-27,6446,53,0.0082,103.14,16.00
high_impact_interstitial_popup,2026-04-28,6906,60,0.0087,110.50,16.00
high_impact_interstitial_popup,2026-04-29,2759,33,0.012,44.14,16.00
high_impact_interstitial_popup,2026-04-30,2707,23,0.0085,43.31,16.00
high_impact_interstitial_popup,2026-05-01,7448,34,0.0046,119.17,16.00
high_impact_interstitial_popup,2026-05-02,4579,57,0.0124,73.26,16.00
high_impact_interstitial_popup,2026-05-03,2538,20,0.0079,40.61,16.00
high_impact_interstitial_popup,2026-05-04,8393,47,0.0056,134.29,16.00
high_impact_interstitial_popup,2026-05-05,8720,83,0.0095,139.52,16.00
high_impact_interstitial_popup,2026-05-06,6769,50,0.0074,108.30,16.00
high_impact_interstitial_popup,2026-05-07,5088,62,0.0122,81.41,16.00
high_impact_interstitial_popup,2026-05-08,2263,9,0.004,36.21,16.00
high_impact_interstitial_popup,2026-05-09,7099,16,0.0023,113.58,16.00
high_impact_interstitial_popup,2026-05-10,5086,52,0.0102,81.38,16.00
high_impact_interstitial_popup,2026-05-11,6136,46,0.0075,98.18,16.00
high_impact_interstitial_popup,2026-05-12,4316,44,0.0102,69.06,16.00
high_impact_interstitial_popup,2026-05-13,7619,73,0.0096,121.90,16.00
high_impact_interstitial_popup,2026-05-14,3629,14,0.0039,58.06,16.00
high_impact_interstitial_popup,2026-05-15,2588,12,0.0046,41.41,16.00
high_impact_interstitial_popup,2026-05-16,9229,55,0.006,147.66,16.00
high_impact_interstitial_popup,2026-05-17,2280,23,0.0101,36.48,16.00
high_impact_interstitial_popup,2026-05-18,2719,25,0.0092,43.50,16.00
mid_may_ros_300x250_html5,2026-05-15,5166,13,0.0025,51.66,10.00
mid_may_ros_300x250_html5,2026-05-16,3445,3,0.0009,34.45,10.00
mid_may_ros_300x250_html5,2026-05-17,3105,14,0.0045,31.05,10.00
mid_may_ros_300x250_html5,2026-05-18,5701,17,0.003,57.01,10.00
mid_may_ros_300x250_html5,2026-05-19,5461,13,0.0024,54.61,10.00
mid_may_ros_300x250_html5,2026-05-20,2821,12,0.0043,28.21,10.00
mid_may_ros_300x250_html5,2026-05-21,1993,5,0.0025,19.93,10.00
mid_may_ros_300x250_html5,2026-05-22,2669,3,0.0011,26.69,10.00
mid_may_ros_300x250_html5,2026-05-23,4511,20,0.0044,45.11,10.00
mid_may_ros_300x250_html5,2026-05-24,3500,15,0.0043,35.00,10.00
mid_may_ros_300x250_html5,2026-05-25,5111,17,0.0033,51.11,10.00
mid_may_ros_300x250_html5,2026-05-26,4673,7,0.0015,46.73,10.00
mid_may_ros_300x250_html5,2026-05-27,1199,5,0.0042,11.99,10.00
mid_may_ros_300x250_html5,2026-05-28,3040,16,0.0053,30.40,10.00
mid_may_ros_300x250_html5,2026-05-29,5276,27,0.0051,52.76,10.00
mid_may_ros_300x250_html5,2026-05-30,1751,3,0.0017,17.51,10.00
mid_may_ros_300x250_html5,2026-05-31,1498,2,0.0013,14.98,10.00
mid_may_ros_300x250_html5,2026-06-01,7119,15,0.0021,71.19,10.00
mid_may_ros_300x250_html5,2026-06-02,5091,27,0.0053,50.91,10.00
mid_may_ros_300x250_html5,2026-06-03,2999,12,0.004,29.99,10.00
mid_may_ros_300x250_html5,2026-06-04,2135,7,0.0033,21.35,10.00
mid_may_ros_300x250_html5,2026-06-05,5145,27,0.0052,51.45,10.00
mid_may_ros_300x250_html5,2026-06-06,4210,5,0.0012,42.10,10.00
mid_may_ros_300x250_html5,2026-06-07,6657,13,0.002,66.57,10.00
mid_may_ros_300x250_html5,2026-06-08,2013,6,0.003,20.13,10.00
mid_may_ros_300x250_html5,2026-06-09,2614,4,0.0015,26.14,10.00
mid_may_ros_300x250_html5,2026-06-10,4514,14,0.0031,45.14,10.00
mid_may_ros_300x250_html5,2026-06-11,6213,7,0.0011,62.13,10.00
mid_may_ros_300x250_html5,2026-06-12,6602,6,0.0009,66.02,10.00
mid_may_ros_300x250_html5,2026-06-13,1410,3,0.0021,14.10,10.00
mid_may_ros_300x250_html5,2026-06-14,2829,15,0.0053,28.29,10.00
mid_may_ros_300x250_html5,2026-06-15,4587,18,0.0039,45.87,10.00
mid_may_ros_300x250_html5,2026-06-16,1658,5,0.003,16.58,10.00
mid_may_ros_300x250_html5,2026-06-17,4106,6,0.0015,41.06,10.00
mid_may_ros_300x250_html5,2026-06-18,10620,49,0.0046,106.20,10.00
mid_may_ros_300x250_html5,2026-06-19,4889,11,0.0022,48.89,10.00
mid_may_ros_300x250_html5,2026-06-20,2234,4,0.0018,22.34,10.00
mid_may_ros_300x600_html5,2026-05-15,3157,4,0.0013,31.57,10.00
mid_may_ros_300x600_html5,2026-05-16,2105,2,0.001,21.05,10.00
mid_may_ros_300x600_html5,2026-05-17,1898,8,0.0042,18.98,10.00
mid_may_ros_300x600_html5,2026-05-18,3484,10,0.0029,34.84,10.00
mid_may_ros_300x600_html5,2026-05-19,3337,8,0.0024,33.37,10.00
mid_may_ros_300x600_html5,2026-05-20,1724,7,0.0041,17.24,10.00
mid_may_ros_300x600_html5,2026-05-21,1218,3,0.0025,12.18,10.00
mid_may_ros_300x600_html5,2026-05-22,1631,2,0.0012,16.31,10.00
mid_may_ros_300x600_html5,2026-05-23,2757,12,0.0044,27.57,10.00
mid_may_ros_300x600_html5,2026-05-24,2139,9,0.0042,21.39,10.00
mid_may_ros_300x600_html5,2026-05-25,3124,10,0.0032,31.24,10.00
mid_may_ros_300x600_html5,2026-05-26,2856,5,0.0018,28.56,10.00
mid_may_ros_300x600_html5,2026-05-27,733,3,0.0041,7.33,10.00
mid_may_ros_300x600_html5,2026-05-28,1858,10,0.0054,18.58,10.00
mid_may_ros_300x600_html5,2026-05-29,3224,17,0.0053,32.24,10.00
mid_may_ros_300x600_html5,2026-05-30,1070,2,0.0019,10.70,10.00
mid_may_ros_300x600_html5,2026-05-31,915,2,0.0022,9.15,10.00
mid_may_ros_300x600_html5,2026-06-01,4351,9,0.0021,43.51,10.00
mid_may_ros_300x600_html5,2026-06-02,3111,16,0.0051,31.11,10.00
mid_may_ros_300x600_html5,2026-06-03,1833,8,0.0044,18.33,10.00
mid_may_ros_300x600_html5,2026-06-04,1304,5,0.0038,13.04,10.00
mid_may_ros_300x600_html5,2026-06-05,3144,17,0.0054,31.44,10.00
mid_may_ros_300x600_html5,2026-06-06,2573,3,0.0012,25.73,10.00
mid_may_ros_300x600_html5,2026-06-07,4068,8,0.002,40.68,10.00
mid_may_ros_300x600_html5,2026-06-08,1230,4,0.0033,12.30,10.00
mid_may_ros_300x600_html5,2026-06-09,1597,2,0.0013,15.97,10.00
mid_may_ros_300x600_html5,2026-06-10,2758,9,0.0033,27.58,10.00
mid_may_ros_300x600_html5,2026-06-11,3797,5,0.0013,37.97,10.00
mid_may_ros_300x600_html5,2026-06-12,4035,4,0.001,40.35,10.00
mid_may_ros_300x600_html5,2026-06-13,861,2,0.0023,8.61,10.00
mid_may_ros_300x600_html5,2026-06-14,1729,9,0.0052,17.29,10.00
mid_may_ros_300x600_html5,2026-06-15,2803,11,0.0039,28.03,10.00
mid_may_ros_300x600_html5,2026-06-16,1013,3,0.003,10.13,10.00
mid_may_ros_300x600_html5,2026-06-17,2510,4,0.0016,25.10,10.00
mid_may_ros_300x600_html5,2026-06-18,6490,30,0.0046,64.90,10.00
mid_may_ros_300x600_html5,2026-06-19,2987,7,0.0023,29.87,10.00
mid_may_ros_300x600_html5,2026-06-20,1365,2,0.0015,13.65,10.00
mid_may_ros_728x90_html5,2026-05-15,3878,4,0.001,38.78,10.00
mid_may_ros_728x90_html5,2026-05-16,2584,3,0.0012,25.84,10.00
mid_may_ros_728x90_html5,2026-05-17,2329,10,0.0043,23.29,10.00
mid_may_ros_728x90_html5,2026-05-18,4275,12,0.0028,42.75,10.00
mid_may_ros_728x90_html5,2026-05-19,4095,10,0.0024,40.95,10.00
mid_may_ros_728x90_html5,2026-05-20,2116,9,0.0043,21.16,10.00
mid_may_ros_728x90_html5,2026-05-21,1495,4,0.0027,14.95,10.00
mid_may_ros_728x90_html5,2026-05-22,2001,2,0.001,20.01,10.00
mid_may_ros_728x90_html5,2026-05-23,3383,15,0.0044,33.83,10.00
mid_may_ros_728x90_html5,2026-05-24,2625,12,0.0046,26.25,10.00
mid_may_ros_728x90_html5,2026-05-25,3833,12,0.0031,38.33,10.00
mid_may_ros_728x90_html5,2026-05-26,3505,6,0.0017,35.05,10.00
mid_may_ros_728x90_html5,2026-05-27,900,4,0.0044,9.00,10.00
mid_may_ros_728x90_html5,2026-05-28,2280,12,0.0053,22.80,10.00
mid_may_ros_728x90_html5,2026-05-29,3957,21,0.0053,39.57,10.00
mid_may_ros_728x90_html5,2026-05-30,1313,2,0.0015,13.13,10.00
mid_may_ros_728x90_html5,2026-05-31,1123,2,0.0018,11.23,10.00
mid_may_ros_728x90_html5,2026-06-01,5340,11,0.0021,53.40,10.00
mid_may_ros_728x90_html5,2026-06-02,3818,20,0.0052,38.18,10.00
mid_may_ros_728x90_html5,2026-06-03,2249,9,0.004,22.49,10.00
mid_may_ros_728x90_html5,2026-06-04,1601,6,0.0037,16.01,10.00
mid_may_ros_728x90_html5,2026-06-05,3858,21,0.0054,38.58,10.00
mid_may_ros_728x90_html5,2026-06-06,3157,4,0.0013,31.57,10.00
mid_may_ros_728x90_html5,2026-06-07,4992,9,0.0018,49.92,10.00
mid_may_ros_728x90_html5,2026-06-08,1510,5,0.0033,15.10,10.00
mid_may_ros_728x90_html5,2026-06-09,1960,3,0.0015,19.60,10.00
mid_may_ros_728x90_html5,2026-06-10,3385,10,0.003,33.85,10.00
mid_may_ros_728x90_html5,2026-06-11,4659,6,0.0013,46.59,10.00
mid_may_ros_728x90_html5,2026-06-12,4952,5,0.001,49.52,10.00
mid_may_ros_728x90_html5,2026-06-13,1057,3,0.0028,10.57,10.00
mid_may_ros_728x90_html5,2026-06-14,2122,11,0.0052,21.22,10.00
mid_may_ros_728x90_html5,2026-06-15,3441,14,0.0041,34.41,10.00
mid_may_ros_728x90_html5,2026-06-16,1243,3,0.0024,12.43,10.00
mid_may_ros_728x90_html5,2026-06-17,3080,5,0.0016,30.80,10.00
mid_may_ros_728x90_html5,2026-06-18,7965,37,0.0046,79.65,10.00
mid_may_ros_728x90_html5,2026-06-19,3667,9,0.0025,36.67,10.00
mid_may_ros_728x90_html5,2026-06-20,1676,3,0.0018,16.76,10.00
mid_may_ros_970x250_html5,2026-05-15,2152,7,0.0033,21.52,10.00
mid_may_ros_970x250_html5,2026-05-16,1435,1,0.0007,14.35,10.00
mid_may_ros_970x250_html5,2026-05-17,1294,6,0.0046,12.94,10.00
mid_may_ros_970x250_html5,2026-05-18,2375,7,0.0029,23.75,10.00
mid_may_ros_970x250_html5,2026-05-19,2275,6,0.0026,22.75,10.00
mid_may_ros_970x250_html5,2026-05-20,1175,5,0.0043,11.75,10.00
mid_may_ros_970x250_html5,2026-05-21,831,2,0.0024,8.31,10.00
mid_may_ros_970x250_html5,2026-05-22,1112,1,0.0009,11.12,10.00
mid_may_ros_970x250_html5,2026-05-23,1880,9,0.0048,18.80,10.00
mid_may_ros_970x250_html5,2026-05-24,1459,6,0.0041,14.59,10.00
mid_may_ros_970x250_html5,2026-05-25,2130,7,0.0033,21.30,10.00
mid_may_ros_970x250_html5,2026-05-26,1947,3,0.0015,19.47,10.00
mid_may_ros_970x250_html5,2026-05-27,500,2,0.004,5.00,10.00
mid_may_ros_970x250_html5,2026-05-28,1267,6,0.0047,12.67,10.00
mid_may_ros_970x250_html5,2026-05-29,2198,11,0.005,21.98,10.00
mid_may_ros_970x250_html5,2026-05-30,729,1,0.0014,7.29,10.00
mid_may_ros_970x250_html5,2026-05-31,624,1,0.0016,6.24,10.00
mid_may_ros_970x250_html5,2026-06-01,2966,6,0.002,29.66,10.00
mid_may_ros_970x250_html5,2026-06-02,2121,11,0.0052,21.21,10.00
mid_may_ros_970x250_html5,2026-06-03,1250,5,0.004,12.50,10.00
mid_may_ros_970x250_html5,2026-06-04,889,3,0.0034,8.89,10.00
mid_may_ros_970x250_html5,2026-06-05,2144,11,0.0051,21.44,10.00
mid_may_ros_970x250_html5,2026-06-06,1754,2,0.0011,17.54,10.00
mid_may_ros_970x250_html5,2026-06-07,2774,5,0.0018,27.74,10.00
mid_may_ros_970x250_html5,2026-06-08,839,2,0.0024,8.39,10.00
mid_may_ros_970x250_html5,2026-06-09,1089,1,0.0009,10.89,10.00
mid_may_ros_970x250_html5,2026-06-10,1881,6,0.0032,18.81,10.00
mid_may_ros_970x250_html5,2026-06-11,2589,3,0.0012,25.89,10.00
mid_may_ros_970x250_html5,2026-06-12,2751,3,0.0011,27.51,10.00
mid_may_ros_970x250_html5,2026-06-13,587,1,0.0017,5.87,10.00
mid_may_ros_970x250_html5,2026-06-14,1179,6,0.0051,11.79,10.00
mid_may_ros_970x250_html5,2026-06-15,1911,8,0.0042,19.11,10.00
mid_may_ros_970x250_html5,2026-06-16,691,2,0.0029,6.91,10.00
mid_may_ros_970x250_html5,2026-06-17,1711,3,0.0018,17.11,10.00
mid_may_ros_970x250_html5,2026-06-18,4425,20,0.0045,44.25,10.00
mid_may_ros_970x250_html5,2026-06-19,2037,5,0.0025,20.37,10.00
mid_may_ros_970x250_html5,2026-06-20,931,2,0.0021,9.31,10.00
mobile_overlay,2026-04-18,4035,39,0.0097,64.56,16.00
mobile_overlay,2026-04-19,2021,15,0.0074,32.34,16.00
mobile_overlay,2026-04-20,2249,7,0.0031,35.98,16.00
mobile_overlay,2026-04-21,2809,21,0.0075,44.94,16.00
mobile_overlay,2026-04-22,4458,12,0.0027,71.33,16.00
mobile_overlay,2026-04-23,1782,19,0.0107,28.51,16.00
mobile_overlay,2026-04-24,3817,26,0.0068,61.07,16.00
mobile_overlay,2026-04-25,3272,20,0.0061,52.35,16.00
mobile_overlay,2026-04-26,3921,46,0.0117,62.74,16.00
mobile_overlay,2026-04-27,3471,29,0.0084,55.54,16.00
mobile_overlay,2026-04-28,3718,33,0.0089,59.49,16.00
mobile_overlay,2026-04-29,1486,18,0.0121,23.78,16.00
mobile_overlay,2026-04-30,1457,12,0.0082,23.31,16.00
mobile_overlay,2026-05-01,4011,19,0.0047,64.18,16.00
mobile_overlay,2026-05-02,2466,30,0.0122,39.46,16.00
mobile_overlay,2026-05-03,1366,10,0.0073,21.86,16.00
mobile_overlay,2026-05-04,4520,26,0.0058,72.32,16.00
mobile_overlay,2026-05-05,4696,45,0.0096,75.14,16.00
mobile_overlay,2026-05-06,3645,27,0.0074,58.32,16.00
mobile_overlay,2026-05-07,2740,34,0.0124,43.84,16.00
mobile_overlay,2026-05-08,1218,5,0.0041,19.49,16.00
mobile_overlay,2026-05-09,3823,8,0.0021,61.17,16.00
mobile_overlay,2026-05-10,2738,28,0.0102,43.81,16.00
mobile_overlay,2026-05-11,3304,25,0.0076,52.86,16.00
mobile_overlay,2026-05-12,2324,24,0.0103,37.18,16.00
mobile_overlay,2026-05-13,4102,39,0.0095,65.63,16.00
mobile_overlay,2026-05-14,1954,7,0.0036,31.26,16.00
mobile_overlay,2026-05-15,1393,7,0.005,22.29,16.00
mobile_overlay,2026-05-16,4969,29,0.0058,79.50,16.00
mobile_overlay,2026-05-17,1228,13,0.0106,19.65,16.00
mobile_overlay,2026-05-18,1464,14,0.0096,23.42,16.00
puro_dominicano_editorial,2026-05-08,588,9,0.0153,7.06,12.00
puro_dominicano_editorial,2026-05-09,1379,19,0.0138,16.55,12.00
puro_dominicano_editorial,2026-05-10,823,9,0.0109,9.88,12.00
puro_dominicano_editorial,2026-05-11,1399,5,0.0036,16.79,12.00
puro_dominicano_editorial,2026-05-12,984,17,0.0173,11.81,12.00
puro_dominicano_editorial,2026-05-13,1242,12,0.0097,14.90,12.00
puro_dominicano_editorial,2026-05-14,1257,19,0.0151,15.08,12.00
puro_dominicano_editorial,2026-05-15,779,9,0.0116,9.35,12.00
puro_dominicano_editorial,2026-05-16,1297,15,0.0116,15.56,12.00
puro_dominicano_editorial,2026-05-17,1024,18,0.0176,12.29,12.00
puro_dominicano_editorial,2026-05-18,1152,13,0.0113,13.82,12.00
puro_dominicano_editorial,2026-05-19,1099,16,0.0146,13.19,12.00
puro_dominicano_editorial,2026-05-20,963,3,0.0031,11.56,12.00
puro_dominicano_editorial,2026-05-21,363,2,0.0055,4.36,12.00
puro_dominicano_editorial,2026-05-22,2062,16,0.0078,24.74,12.00
puro_dominicano_editorial,2026-05-23,1072,18,0.0168,12.86,12.00
puro_dominicano_editorial,2026-05-24,1068,6,0.0056,12.82,12.00
puro_dominicano_editorial,2026-05-25,563,8,0.0142,6.76,12.00
puro_dominicano_editorial,2026-05-26,517,3,0.0058,6.20,12.00
puro_dominicano_editorial,2026-05-27,503,6,0.0119,6.04,12.00
puro_dominicano_editorial,2026-05-28,1045,14,0.0134,12.54,12.00
puro_dominicano_editorial,2026-05-29,941,8,0.0085,11.29,12.00
puro_dominicano_editorial,2026-05-30,675,11,0.0163,8.10,12.00
puro_dominicano_editorial,2026-05-31,768,8,0.0104,9.22,12.00
puro_dominicano_editorial,2026-06-01,2460,24,0.0098,29.52,12.00
puro_dominicano_editorial,2026-06-02,521,3,0.0058,6.25,12.00
puro_dominicano_editorial,2026-06-03,341,4,0.0117,4.09,12.00
puro_dominicano_editorial,2026-06-04,1023,6,0.0059,12.28,12.00
puro_dominicano_editorial,2026-06-05,701,8,0.0114,8.41,12.00
puro_dominicano_editorial,2026-06-06,782,6,0.0077,9.38,12.00
puro_dominicano_editorial,2026-06-07,617,5,0.0081,7.40,12.00
puro_dominicano_editorial,2026-06-08,384,5,0.013,4.61,12.00
puro_dominicano_native_card,2026-05-08,429,6,0.014,5.15,12.00
puro_dominicano_native_card,2026-05-09,998,13,0.013,11.98,12.00
puro_dominicano_native_card,2026-05-10,596,7,0.0117,7.15,12.00
puro_dominicano_native_card,2026-05-11,1013,4,0.0039,12.16,12.00
puro_dominicano_native_card,2026-05-12,712,13,0.0183,8.54,12.00
puro_dominicano_native_card,2026-05-13,899,9,0.01,10.79,12.00
puro_dominicano_native_card,2026-05-14,910,13,0.0143,10.92,12.00
puro_dominicano_native_card,2026-05-15,564,6,0.0106,6.77,12.00
puro_dominicano_native_card,2026-05-16,939,11,0.0117,11.27,12.00
puro_dominicano_native_card,2026-05-17,742,13,0.0175,8.90,12.00
puro_dominicano_native_card,2026-05-18,835,9,0.0108,10.02,12.00
puro_dominicano_native_card,2026-05-19,796,11,0.0138,9.55,12.00
puro_dominicano_native_card,2026-05-20,697,3,0.0043,8.36,12.00
puro_dominicano_native_card,2026-05-21,263,1,0.0038,3.16,12.00
puro_dominicano_native_card,2026-05-22,1493,11,0.0074,17.92,12.00
puro_dominicano_native_card,2026-05-23,776,13,0.0168,9.31,12.00
puro_dominicano_native_card,2026-05-24,774,5,0.0065,9.29,12.00
puro_dominicano_native_card,2026-05-25,407,5,0.0123,4.88,12.00
puro_dominicano_native_card,2026-05-26,374,3,0.008,4.49,12.00
puro_dominicano_native_card,2026-05-27,365,4,0.011,4.38,12.00
puro_dominicano_native_card,2026-05-28,756,11,0.0146,9.07,12.00
puro_dominicano_native_card,2026-05-29,681,6,0.0088,8.17,12.00
puro_dominicano_native_card,2026-05-30,489,8,0.0164,5.87,12.00
puro_dominicano_native_card,2026-05-31,556,6,0.0108,6.67,12.00
puro_dominicano_native_card,2026-06-01,1781,18,0.0101,21.37,12.00
puro_dominicano_native_card,2026-06-02,378,2,0.0053,4.54,12.00
puro_dominicano_native_card,2026-06-03,247,3,0.0121,2.96,12.00
puro_dominicano_native_card,2026-06-04,740,4,0.0054,8.88,12.00
puro_dominicano_native_card,2026-06-05,507,6,0.0118,6.08,12.00
puro_dominicano_native_card,2026-06-06,567,5,0.0088,6.80,12.00
puro_dominicano_native_card,2026-06-07,446,4,0.009,5.35,12.00
puro_dominicano_native_card,2026-06-08,278,3,0.0108,3.34,12.00
puro_dominicano_ros_300x250_html5,2026-06-17,410,3,0.0073,4.10,10.00
puro_dominicano_ros_300x250_html5,2026-06-18,512,3,0.0059,5.12,10.00
puro_dominicano_ros_300x250_html5,2026-06-19,586,1,0.0017,5.86,10.00
puro_dominicano_ros_300x250_html5,2026-06-20,759,2,0.0026,7.59,10.00
puro_dominicano_ros_300x250_html5,2026-06-21,1012,2,0.002,10.12,10.00
puro_dominicano_ros_300x250_html5,2026-06-22,778,1,0.0013,7.78,10.00
puro_dominicano_ros_300x250_html5,2026-06-23,1303,4,0.0031,13.03,10.00
puro_dominicano_ros_300x250_html5,2026-06-24,822,2,0.0024,8.22,10.00
puro_dominicano_ros_300x250_html5,2026-06-25,436,2,0.0046,4.36,10.00
puro_dominicano_ros_300x250_html5,2026-06-26,280,1,0.0036,2.80,10.00
puro_dominicano_ros_300x250_html5,2026-06-27,1273,3,0.0024,12.73,10.00
puro_dominicano_ros_300x250_html5,2026-06-28,292,0,0.0,2.92,10.00
puro_dominicano_ros_300x250_html5,2026-06-29,696,3,0.0043,6.96,10.00
puro_dominicano_ros_300x250_html5,2026-06-30,439,1,0.0023,4.39,10.00
puro_dominicano_ros_300x250_html5,2026-07-01,1314,5,0.0038,13.14,10.00
puro_dominicano_ros_300x250_html5,2026-07-02,337,1,0.003,3.37,10.00
puro_dominicano_ros_300x250_html5,2026-07-03,591,1,0.0017,5.91,10.00
puro_dominicano_ros_300x250_html5,2026-07-04,1292,3,0.0023,12.92,10.00
puro_dominicano_ros_300x250_html5,2026-07-05,972,2,0.0021,9.72,10.00
puro_dominicano_ros_300x250_html5,2026-07-06,1261,5,0.004,12.61,10.00
puro_dominicano_ros_300x250_html5,2026-07-07,528,1,0.0019,5.28,10.00
puro_dominicano_ros_300x250_html5,2026-07-08,652,2,0.0031,6.52,10.00
puro_dominicano_ros_300x250_html5,2026-07-09,1151,3,0.0026,11.51,10.00
puro_dominicano_ros_300x250_html5,2026-07-10,331,1,0.003,3.31,10.00
puro_dominicano_ros_300x250_html5,2026-07-11,1559,3,0.0019,15.59,10.00
puro_dominicano_ros_300x250_html5,2026-07-12,727,3,0.0041,7.27,10.00
puro_dominicano_ros_300x250_html5,2026-07-13,1283,2,0.0016,12.83,10.00
puro_dominicano_ros_300x250_html5,2026-07-14,972,3,0.0031,9.72,10.00
puro_dominicano_ros_300x250_html5,2026-07-15,652,2,0.0031,6.52,10.00
puro_dominicano_ros_300x250_html5,2026-07-16,1114,5,0.0045,11.14,10.00
puro_dominicano_ros_300x250_html5,2026-07-17,1080,1,0.0009,10.80,10.00
puro_dominicano_ros_300x250_html5,2026-07-18,457,1,0.0022,4.57,10.00
puro_dominicano_ros_300x250_html5,2026-07-19,307,1,0.0033,3.07,10.00
puro_dominicano_ros_300x250_html5,2026-07-20,1028,5,0.0049,10.28,10.00
puro_dominicano_ros_300x250_html5,2026-07-21,699,1,0.0014,6.99,10.00
puro_dominicano_ros_300x250_html5,2026-07-22,385,2,0.0052,3.85,10.00
puro_dominicano_ros_300x250_html5,2026-07-23,434,1,0.0023,4.34,10.00
puro_dominicano_ros_300x250_html5,2026-07-24,1244,3,0.0024,12.44,10.00
puro_dominicano_ros_300x250_html5,2026-07-25,788,3,0.0038,7.88,10.00
puro_dominicano_ros_300x250_html5,2026-07-26,348,1,0.0029,3.48,10.00
puro_dominicano_ros_300x250_html5,2026-07-27,693,3,0.0043,6.93,10.00
puro_dominicano_ros_300x250_html5,2026-07-28,810,3,0.0037,8.10,10.00
puro_dominicano_ros_300x250_html5,2026-07-29,723,3,0.0041,7.23,10.00
puro_dominicano_ros_300x250_html5,2026-07-30,771,3,0.0039,7.71,10.00
puro_dominicano_ros_300x250_html5,2026-07-31,1063,5,0.0047,10.63,10.00
puro_dominicano_ros_300x600_html5,2026-06-17,555,1,0.0018,5.55,10.00
puro_dominicano_ros_300x600_html5,2026-06-18,693,2,0.0029,6.93,10.00
puro_dominicano_ros_300x600_html5,2026-06-19,793,1,0.0013,7.93,10.00
puro_dominicano_ros_300x600_html5,2026-06-20,1027,3,0.0029,10.27,10.00
puro_dominicano_ros_300x600_html5,2026-06-21,1369,2,0.0015,13.69,10.00
puro_dominicano_ros_300x600_html5,2026-06-22,1053,2,0.0019,10.53,10.00
puro_dominicano_ros_300x600_html5,2026-06-23,1763,5,0.0028,17.63,10.00
puro_dominicano_ros_300x600_html5,2026-06-24,1112,3,0.0027,11.12,10.00
puro_dominicano_ros_300x600_html5,2026-06-25,590,3,0.0051,5.90,10.00
puro_dominicano_ros_300x600_html5,2026-06-26,378,2,0.0053,3.78,10.00
puro_dominicano_ros_300x600_html5,2026-06-27,1722,5,0.0029,17.22,10.00
puro_dominicano_ros_300x600_html5,2026-06-28,395,1,0.0025,3.95,10.00
puro_dominicano_ros_300x600_html5,2026-06-29,941,3,0.0032,9.41,10.00
puro_dominicano_ros_300x600_html5,2026-06-30,594,2,0.0034,5.94,10.00
puro_dominicano_ros_300x600_html5,2026-07-01,1778,7,0.0039,17.78,10.00
puro_dominicano_ros_300x600_html5,2026-07-02,455,1,0.0022,4.55,10.00
puro_dominicano_ros_300x600_html5,2026-07-03,799,2,0.0025,7.99,10.00
puro_dominicano_ros_300x600_html5,2026-07-04,1747,4,0.0023,17.47,10.00
puro_dominicano_ros_300x600_html5,2026-07-05,1315,3,0.0023,13.15,10.00
puro_dominicano_ros_300x600_html5,2026-07-06,1706,7,0.0041,17.06,10.00
puro_dominicano_ros_300x600_html5,2026-07-07,714,2,0.0028,7.14,10.00
puro_dominicano_ros_300x600_html5,2026-07-08,881,3,0.0034,8.81,10.00
puro_dominicano_ros_300x600_html5,2026-07-09,1557,4,0.0026,15.57,10.00
puro_dominicano_ros_300x600_html5,2026-07-10,448,2,0.0045,4.48,10.00
puro_dominicano_ros_300x600_html5,2026-07-11,2109,4,0.0019,21.09,10.00
puro_dominicano_ros_300x600_html5,2026-07-12,984,4,0.0041,9.84,10.00
puro_dominicano_ros_300x600_html5,2026-07-13,1736,3,0.0017,17.36,10.00
puro_dominicano_ros_300x600_html5,2026-07-14,1315,3,0.0023,13.15,10.00
puro_dominicano_ros_300x600_html5,2026-07-15,882,3,0.0034,8.82,10.00
puro_dominicano_ros_300x600_html5,2026-07-16,1507,7,0.0046,15.07,10.00
puro_dominicano_ros_300x600_html5,2026-07-17,1462,2,0.0014,14.62,10.00
puro_dominicano_ros_300x600_html5,2026-07-18,618,2,0.0032,6.18,10.00
puro_dominicano_ros_300x600_html5,2026-07-19,416,1,0.0024,4.16,10.00
puro_dominicano_ros_300x600_html5,2026-07-20,1391,7,0.005,13.91,10.00
puro_dominicano_ros_300x600_html5,2026-07-21,946,2,0.0021,9.46,10.00
puro_dominicano_ros_300x600_html5,2026-07-22,522,3,0.0057,5.22,10.00
puro_dominicano_ros_300x600_html5,2026-07-23,588,1,0.0017,5.88,10.00
puro_dominicano_ros_300x600_html5,2026-07-24,1683,4,0.0024,16.83,10.00
puro_dominicano_ros_300x600_html5,2026-07-25,1066,4,0.0038,10.66,10.00
puro_dominicano_ros_300x600_html5,2026-07-26,471,1,0.0021,4.71,10.00
puro_dominicano_ros_300x600_html5,2026-07-27,937,4,0.0043,9.37,10.00
puro_dominicano_ros_300x600_html5,2026-07-28,1096,4,0.0036,10.96,10.00
puro_dominicano_ros_300x600_html5,2026-07-29,979,4,0.0041,9.79,10.00
puro_dominicano_ros_300x600_html5,2026-07-30,1044,3,0.0029,10.44,10.00
puro_dominicano_ros_300x600_html5,2026-07-31,1439,7,0.0049,14.39,10.00
puro_dominicano_ros_320x50_html5,2026-06-17,290,0,0.0,2.90,10.00
puro_dominicano_ros_320x50_html5,2026-06-18,361,1,0.0028,3.61,10.00
puro_dominicano_ros_320x50_html5,2026-06-19,414,0,0.0,4.14,10.00
puro_dominicano_ros_320x50_html5,2026-06-20,536,4,0.0075,5.36,10.00
puro_dominicano_ros_320x50_html5,2026-06-21,714,1,0.0014,7.14,10.00
puro_dominicano_ros_320x50_html5,2026-06-22,549,1,0.0018,5.49,10.00
puro_dominicano_ros_320x50_html5,2026-06-23,920,3,0.0033,9.20,10.00
puro_dominicano_ros_320x50_html5,2026-06-24,580,2,0.0034,5.80,10.00
puro_dominicano_ros_320x50_html5,2026-06-25,308,1,0.0032,3.08,10.00
puro_dominicano_ros_320x50_html5,2026-06-26,197,1,0.0051,1.97,10.00
puro_dominicano_ros_320x50_html5,2026-06-27,898,2,0.0022,8.98,10.00
puro_dominicano_ros_320x50_html5,2026-06-28,206,0,0.0,2.06,10.00
puro_dominicano_ros_320x50_html5,2026-06-29,491,2,0.0041,4.91,10.00
puro_dominicano_ros_320x50_html5,2026-06-30,310,1,0.0032,3.10,10.00
puro_dominicano_ros_320x50_html5,2026-07-01,927,3,0.0032,9.27,10.00
puro_dominicano_ros_320x50_html5,2026-07-02,238,1,0.0042,2.38,10.00
puro_dominicano_ros_320x50_html5,2026-07-03,417,1,0.0024,4.17,10.00
puro_dominicano_ros_320x50_html5,2026-07-04,912,2,0.0022,9.12,10.00
puro_dominicano_ros_320x50_html5,2026-07-05,686,2,0.0029,6.86,10.00
puro_dominicano_ros_320x50_html5,2026-07-06,890,3,0.0034,8.90,10.00
puro_dominicano_ros_320x50_html5,2026-07-07,372,1,0.0027,3.72,10.00
puro_dominicano_ros_320x50_html5,2026-07-08,460,1,0.0022,4.60,10.00
puro_dominicano_ros_320x50_html5,2026-07-09,812,2,0.0025,8.12,10.00
puro_dominicano_ros_320x50_html5,2026-07-10,233,1,0.0043,2.33,10.00
puro_dominicano_ros_320x50_html5,2026-07-11,1101,2,0.0018,11.01,10.00
puro_dominicano_ros_320x50_html5,2026-07-12,513,2,0.0039,5.13,10.00
puro_dominicano_ros_320x50_html5,2026-07-13,905,2,0.0022,9.05,10.00
puro_dominicano_ros_320x50_html5,2026-07-14,686,2,0.0029,6.86,10.00
puro_dominicano_ros_320x50_html5,2026-07-15,460,2,0.0043,4.60,10.00
puro_dominicano_ros_320x50_html5,2026-07-16,786,4,0.0051,7.86,10.00
puro_dominicano_ros_320x50_html5,2026-07-17,763,1,0.0013,7.63,10.00
puro_dominicano_ros_320x50_html5,2026-07-18,323,1,0.0031,3.23,10.00
puro_dominicano_ros_320x50_html5,2026-07-19,217,1,0.0046,2.17,10.00
puro_dominicano_ros_320x50_html5,2026-07-20,726,3,0.0041,7.26,10.00
puro_dominicano_ros_320x50_html5,2026-07-21,494,1,0.002,4.94,10.00
puro_dominicano_ros_320x50_html5,2026-07-22,272,1,0.0037,2.72,10.00
puro_dominicano_ros_320x50_html5,2026-07-23,307,0,0.0,3.07,10.00
puro_dominicano_ros_320x50_html5,2026-07-24,878,2,0.0023,8.78,10.00
puro_dominicano_ros_320x50_html5,2026-07-25,556,2,0.0036,5.56,10.00
puro_dominicano_ros_320x50_html5,2026-07-26,246,0,0.0,2.46,10.00
puro_dominicano_ros_320x50_html5,2026-07-27,489,2,0.0041,4.89,10.00
puro_dominicano_ros_320x50_html5,2026-07-28,572,2,0.0035,5.72,10.00
puro_dominicano_ros_320x50_html5,2026-07-29,511,2,0.0039,5.11,10.00
puro_dominicano_ros_320x50_html5,2026-07-30,545,2,0.0037,5.45,10.00
puro_dominicano_ros_320x50_html5,2026-07-31,751,4,0.0053,7.51,10.00
puro_dominicano_ros_728x90_html5,2026-06-17,464,0,0.0,4.64,10.00
puro_dominicano_ros_728x90_html5,2026-06-18,572,0,0.0,5.72,10.00
puro_dominicano_ros_728x90_html5,2026-06-19,655,0,0.0,6.55,10.00
puro_dominicano_ros_728x90_html5,2026-06-20,848,0,0.0,8.48,10.00
puro_dominicano_ros_728x90_html5,2026-06-21,1131,2,0.0018,11.31,10.00
puro_dominicano_ros_728x90_html5,2026-06-22,869,2,0.0023,8.69,10.00
puro_dominicano_ros_728x90_html5,2026-06-23,1457,4,0.0027,14.57,10.00
puro_dominicano_ros_728x90_html5,2026-06-24,918,3,0.0033,9.18,10.00
puro_dominicano_ros_728x90_html5,2026-06-25,488,2,0.0041,4.88,10.00
puro_dominicano_ros_728x90_html5,2026-06-26,312,1,0.0032,3.12,10.00
puro_dominicano_ros_728x90_html5,2026-06-27,1422,4,0.0028,14.22,10.00
puro_dominicano_ros_728x90_html5,2026-06-28,326,0,0.0,3.26,10.00
puro_dominicano_ros_728x90_html5,2026-06-29,777,3,0.0039,7.77,10.00
puro_dominicano_ros_728x90_html5,2026-06-30,491,2,0.0041,4.91,10.00
puro_dominicano_ros_728x90_html5,2026-07-01,1469,6,0.0041,14.69,10.00
puro_dominicano_ros_728x90_html5,2026-07-02,376,1,0.0027,3.76,10.00
puro_dominicano_ros_728x90_html5,2026-07-03,660,2,0.003,6.60,10.00
puro_dominicano_ros_728x90_html5,2026-07-04,1443,4,0.0028,14.43,10.00
puro_dominicano_ros_728x90_html5,2026-07-05,1087,3,0.0028,10.87,10.00
puro_dominicano_ros_728x90_html5,2026-07-06,1410,6,0.0043,14.10,10.00
puro_dominicano_ros_728x90_html5,2026-07-07,590,2,0.0034,5.90,10.00
puro_dominicano_ros_728x90_html5,2026-07-08,728,2,0.0027,7.28,10.00
puro_dominicano_ros_728x90_html5,2026-07-09,1286,3,0.0023,12.86,10.00
puro_dominicano_ros_728x90_html5,2026-07-10,370,2,0.0054,3.70,10.00
puro_dominicano_ros_728x90_html5,2026-07-11,1743,4,0.0023,17.43,10.00
puro_dominicano_ros_728x90_html5,2026-07-12,812,4,0.0049,8.12,10.00
puro_dominicano_ros_728x90_html5,2026-07-13,1434,2,0.0014,14.34,10.00
puro_dominicano_ros_728x90_html5,2026-07-14,1086,3,0.0028,10.86,10.00
puro_dominicano_ros_728x90_html5,2026-07-15,729,2,0.0027,7.29,10.00
puro_dominicano_ros_728x90_html5,2026-07-16,1245,6,0.0048,12.45,10.00
puro_dominicano_ros_728x90_html5,2026-07-17,1207,2,0.0017,12.07,10.00
puro_dominicano_ros_728x90_html5,2026-07-18,511,2,0.0039,5.11,10.00
puro_dominicano_ros_728x90_html5,2026-07-19,344,1,0.0029,3.44,10.00
puro_dominicano_ros_728x90_html5,2026-07-20,1149,6,0.0052,11.49,10.00
puro_dominicano_ros_728x90_html5,2026-07-21,781,2,0.0026,7.81,10.00
puro_dominicano_ros_728x90_html5,2026-07-22,431,2,0.0046,4.31,10.00
puro_dominicano_ros_728x90_html5,2026-07-23,485,1,0.0021,4.85,10.00
puro_dominicano_ros_728x90_html5,2026-07-24,1390,4,0.0029,13.90,10.00
puro_dominicano_ros_728x90_html5,2026-07-25,880,3,0.0034,8.80,10.00
puro_dominicano_ros_728x90_html5,2026-07-26,389,1,0.0026,3.89,10.00
puro_dominicano_ros_728x90_html5,2026-07-27,774,3,0.0039,7.74,10.00
puro_dominicano_ros_728x90_html5,2026-07-28,905,3,0.0033,9.05,10.00
puro_dominicano_ros_728x90_html5,2026-07-29,808,4,0.005,8.08,10.00
puro_dominicano_ros_728x90_html5,2026-07-30,862,3,0.0035,8.62,10.00
puro_dominicano_ros_728x90_html5,2026-07-31,1188,6,0.0051,11.88,10.00
puro_dominicano_ros_970x250_html5,2026-06-17,704,0,0.0,7.04,10.00
puro_dominicano_ros_970x250_html5,2026-06-18,873,2,0.0023,8.73,10.00
puro_dominicano_ros_970x250_html5,2026-06-19,1000,1,0.001,10.00,10.00
puro_dominicano_ros_970x250_html5,2026-06-20,1294,4,0.0031,12.94,10.00
puro_dominicano_ros_970x250_html5,2026-06-21,1727,3,0.0017,17.27,10.00
puro_dominicano_ros_970x250_html5,2026-06-22,1327,3,0.0023,13.27,10.00
puro_dominicano_ros_970x250_html5,2026-06-23,2224,7,0.0031,22.24,10.00
puro_dominicano_ros_970x250_html5,2026-06-24,1402,4,0.0029,14.02,10.00
puro_dominicano_ros_970x250_html5,2026-06-25,744,3,0.004,7.44,10.00
puro_dominicano_ros_970x250_html5,2026-06-26,477,2,0.0042,4.77,10.00
puro_dominicano_ros_970x250_html5,2026-06-27,2171,6,0.0028,21.71,10.00
puro_dominicano_ros_970x250_html5,2026-06-28,498,1,0.002,4.98,10.00
puro_dominicano_ros_970x250_html5,2026-06-29,1187,4,0.0034,11.87,10.00
puro_dominicano_ros_970x250_html5,2026-06-30,749,3,0.004,7.49,10.00
puro_dominicano_ros_970x250_html5,2026-07-01,2242,8,0.0036,22.42,10.00
puro_dominicano_ros_970x250_html5,2026-07-02,574,1,0.0017,5.74,10.00
puro_dominicano_ros_970x250_html5,2026-07-03,1008,3,0.003,10.08,10.00
puro_dominicano_ros_970x250_html5,2026-07-04,2203,6,0.0027,22.03,10.00
puro_dominicano_ros_970x250_html5,2026-07-05,1658,4,0.0024,16.58,10.00
puro_dominicano_ros_970x250_html5,2026-07-06,2152,9,0.0042,21.52,10.00
puro_dominicano_ros_970x250_html5,2026-07-07,900,3,0.0033,9.00,10.00
puro_dominicano_ros_970x250_html5,2026-07-08,1111,4,0.0036,11.11,10.00
puro_dominicano_ros_970x250_html5,2026-07-09,1963,5,0.0025,19.63,10.00
puro_dominicano_ros_970x250_html5,2026-07-10,564,2,0.0035,5.64,10.00
puro_dominicano_ros_970x250_html5,2026-07-11,2660,6,0.0023,26.60,10.00
puro_dominicano_ros_970x250_html5,2026-07-12,1240,5,0.004,12.40,10.00
puro_dominicano_ros_970x250_html5,2026-07-13,2188,4,0.0018,21.88,10.00
puro_dominicano_ros_970x250_html5,2026-07-14,1657,4,0.0024,16.57,10.00
puro_dominicano_ros_970x250_html5,2026-07-15,1112,4,0.0036,11.12,10.00
puro_dominicano_ros_970x250_html5,2026-07-16,1900,9,0.0047,19.00,10.00
puro_dominicano_ros_970x250_html5,2026-07-17,1843,3,0.0016,18.43,10.00
puro_dominicano_ros_970x250_html5,2026-07-18,779,3,0.0039,7.79,10.00
puro_dominicano_ros_970x250_html5,2026-07-19,524,2,0.0038,5.24,10.00
puro_dominicano_ros_970x250_html5,2026-07-20,1754,8,0.0046,17.54,10.00
puro_dominicano_ros_970x250_html5,2026-07-21,1193,3,0.0025,11.93,10.00
puro_dominicano_ros_970x250_html5,2026-07-22,658,3,0.0046,6.58,10.00
puro_dominicano_ros_970x250_html5,2026-07-23,741,1,0.0013,7.41,10.00
puro_dominicano_ros_970x250_html5,2026-07-24,2122,5,0.0024,21.22,10.00
puro_dominicano_ros_970x250_html5,2026-07-25,1343,4,0.003,13.43,10.00
puro_dominicano_ros_970x250_html5,2026-07-26,593,1,0.0017,5.93,10.00
puro_dominicano_ros_970x250_html5,2026-07-27,1181,4,0.0034,11.81,10.00
puro_dominicano_ros_970x250_html5,2026-07-28,1382,5,0.0036,13.82,10.00
puro_dominicano_ros_970x250_html5,2026-07-29,1234,5,0.0041,12.34,10.00
puro_dominicano_ros_970x250_html5,2026-07-30,1316,4,0.003,13.16,10.00
puro_dominicano_ros_970x250_html5,2026-07-31,1814,9,0.005,18.14,10.00
wsc_tlh_belicoso_banner_a_300x250_html5,2026-07-10,1633,2,0.0012,16.33,10.00
wsc_tlh_belicoso_banner_a_300x250_html5,2026-07-11,3797,14,0.0037,37.97,10.00
wsc_tlh_belicoso_banner_a_300x250_html5,2026-07-12,2511,9,0.0036,25.11,10.00
wsc_tlh_belicoso_banner_a_300x250_html5,2026-07-13,2321,16,0.0069,23.21,10.00
wsc_tlh_belicoso_banner_a_300x250_html5,2026-07-14,1418,4,0.0028,14.18,10.00
wsc_tlh_belicoso_banner_a_300x250_html5,2026-07-15,1845,11,0.006,18.45,10.00
wsc_tlh_belicoso_banner_a_300x250_html5,2026-07-16,1125,6,0.0053,11.25,10.00
wsc_tlh_belicoso_banner_a_300x250_html5,2026-07-17,3637,26,0.0071,36.37,10.00
wsc_tlh_belicoso_banner_a_300x250_html5,2026-07-18,1251,8,0.0064,12.51,10.00
wsc_tlh_belicoso_banner_a_300x250_html5,2026-07-19,3739,27,0.0072,37.39,10.00
wsc_tlh_belicoso_banner_a_300x250_html5,2026-07-20,1708,10,0.0059,17.08,10.00
wsc_tlh_belicoso_banner_a_300x250_html5,2026-07-21,1035,4,0.0039,10.35,10.00
wsc_tlh_belicoso_banner_a_300x250_html5,2026-07-22,3137,7,0.0022,31.37,10.00
wsc_tlh_belicoso_banner_a_300x250_html5,2026-07-23,1651,6,0.0036,16.51,10.00
wsc_tlh_belicoso_banner_a_300x250_html5,2026-07-24,4085,31,0.0076,40.85,10.00
wsc_tlh_belicoso_banner_a_300x250_html5,2026-07-25,1058,4,0.0038,10.58,10.00
wsc_tlh_belicoso_banner_a_300x250_html5,2026-07-26,3193,17,0.0053,31.93,10.00
wsc_tlh_belicoso_banner_a_300x250_html5,2026-07-27,2412,4,0.0017,24.12,10.00
wsc_tlh_belicoso_banner_a_300x250_html5,2026-07-28,2371,16,0.0067,23.71,10.00
wsc_tlh_belicoso_banner_a_300x250_html5,2026-07-29,1206,2,0.0017,12.06,10.00
wsc_tlh_belicoso_banner_a_300x250_html5,2026-07-30,3021,21,0.007,30.21,10.00
wsc_tlh_belicoso_banner_a_300x250_html5,2026-07-31,2133,4,0.0019,21.33,10.00
wsc_tlh_belicoso_banner_a_300x250_html5,2026-08-01,2741,0,0.0,27.41,10.00
wsc_tlh_belicoso_banner_a_300x250_html5,2026-08-02,2609,0,0.0,26.09,10.00
wsc_tlh_belicoso_banner_a_300x250_html5,2026-08-03,3401,0,0.0,34.01,10.00
wsc_tlh_belicoso_banner_a_300x250_html5,2026-08-04,2731,0,0.0,27.31,10.00
wsc_tlh_belicoso_banner_a_300x250_html5,2026-08-05,608,0,0.0,6.08,10.00
wsc_tlh_belicoso_banner_a_300x250_html5,2026-08-06,1326,0,0.0,13.26,10.00
wsc_tlh_belicoso_banner_a_300x250_html5,2026-08-07,1006,0,0.0,10.06,10.00
wsc_tlh_belicoso_banner_a_300x250_html5,2026-08-08,2367,0,0.0,23.67,10.00
wsc_tlh_belicoso_banner_a_300x250_html5,2026-08-09,1896,0,0.0,18.96,10.00
wsc_tlh_belicoso_banner_a_300x250_html5,2026-08-10,3439,0,0.0,34.39,10.00
wsc_tlh_belicoso_banner_a_300x250_html5,2026-08-11,3278,0,0.0,32.78,10.00
wsc_tlh_belicoso_banner_a_300x250_html5,2026-08-12,2421,0,0.0,24.21,10.00
wsc_tlh_belicoso_banner_a_300x600_html5,2026-07-10,658,0,0.0,6.58,10.00
wsc_tlh_belicoso_banner_a_300x600_html5,2026-07-11,1519,6,0.0039,15.19,10.00
wsc_tlh_belicoso_banner_a_300x600_html5,2026-07-12,1004,4,0.004,10.04,10.00
wsc_tlh_belicoso_banner_a_300x600_html5,2026-07-13,929,6,0.0065,9.29,10.00
wsc_tlh_belicoso_banner_a_300x600_html5,2026-07-14,567,2,0.0035,5.67,10.00
wsc_tlh_belicoso_banner_a_300x600_html5,2026-07-15,738,4,0.0054,7.38,10.00
wsc_tlh_belicoso_banner_a_300x600_html5,2026-07-16,450,2,0.0044,4.50,10.00
wsc_tlh_belicoso_banner_a_300x600_html5,2026-07-17,1455,11,0.0076,14.55,10.00
wsc_tlh_belicoso_banner_a_300x600_html5,2026-07-18,500,3,0.006,5.00,10.00
wsc_tlh_belicoso_banner_a_300x600_html5,2026-07-19,1495,11,0.0074,14.95,10.00
wsc_tlh_belicoso_banner_a_300x600_html5,2026-07-20,683,4,0.0059,6.83,10.00
wsc_tlh_belicoso_banner_a_300x600_html5,2026-07-21,414,1,0.0024,4.14,10.00
wsc_tlh_belicoso_banner_a_300x600_html5,2026-07-22,1255,3,0.0024,12.55,10.00
wsc_tlh_belicoso_banner_a_300x600_html5,2026-07-23,660,3,0.0045,6.60,10.00
wsc_tlh_belicoso_banner_a_300x600_html5,2026-07-24,1634,12,0.0073,16.34,10.00
wsc_tlh_belicoso_banner_a_300x600_html5,2026-07-25,423,2,0.0047,4.23,10.00
wsc_tlh_belicoso_banner_a_300x600_html5,2026-07-26,1277,7,0.0055,12.77,10.00
wsc_tlh_belicoso_banner_a_300x600_html5,2026-07-27,965,1,0.001,9.65,10.00
wsc_tlh_belicoso_banner_a_300x600_html5,2026-07-28,948,7,0.0074,9.48,10.00
wsc_tlh_belicoso_banner_a_300x600_html5,2026-07-29,482,1,0.0021,4.82,10.00
wsc_tlh_belicoso_banner_a_300x600_html5,2026-07-30,1209,9,0.0074,12.09,10.00
wsc_tlh_belicoso_banner_a_300x600_html5,2026-07-31,853,1,0.0012,8.53,10.00
wsc_tlh_belicoso_banner_a_300x600_html5,2026-08-01,1096,0,0.0,10.96,10.00
wsc_tlh_belicoso_banner_a_300x600_html5,2026-08-02,1044,0,0.0,10.44,10.00
wsc_tlh_belicoso_banner_a_300x600_html5,2026-08-03,1360,0,0.0,13.60,10.00
wsc_tlh_belicoso_banner_a_300x600_html5,2026-08-04,1092,0,0.0,10.92,10.00
wsc_tlh_belicoso_banner_a_300x600_html5,2026-08-05,243,0,0.0,2.43,10.00
wsc_tlh_belicoso_banner_a_300x600_html5,2026-08-06,530,0,0.0,5.30,10.00
wsc_tlh_belicoso_banner_a_300x600_html5,2026-08-07,402,0,0.0,4.02,10.00
wsc_tlh_belicoso_banner_a_300x600_html5,2026-08-08,947,0,0.0,9.47,10.00
wsc_tlh_belicoso_banner_a_300x600_html5,2026-08-09,758,0,0.0,7.58,10.00
wsc_tlh_belicoso_banner_a_300x600_html5,2026-08-10,1375,0,0.0,13.75,10.00
wsc_tlh_belicoso_banner_a_300x600_html5,2026-08-11,1311,0,0.0,13.11,10.00
wsc_tlh_belicoso_banner_a_300x600_html5,2026-08-12,968,0,0.0,9.68,10.00
wsc_tlh_belicoso_banner_a_728x90_html5,2026-07-10,985,4,0.0041,9.85,10.00
wsc_tlh_belicoso_banner_a_728x90_html5,2026-07-11,2278,9,0.004,22.78,10.00
wsc_tlh_belicoso_banner_a_728x90_html5,2026-07-12,1506,5,0.0033,15.06,10.00
wsc_tlh_belicoso_banner_a_728x90_html5,2026-07-13,1393,9,0.0065,13.93,10.00
wsc_tlh_belicoso_banner_a_728x90_html5,2026-07-14,850,2,0.0024,8.50,10.00
wsc_tlh_belicoso_banner_a_728x90_html5,2026-07-15,1107,6,0.0054,11.07,10.00
wsc_tlh_belicoso_banner_a_728x90_html5,2026-07-16,675,3,0.0044,6.75,10.00
wsc_tlh_belicoso_banner_a_728x90_html5,2026-07-17,2182,16,0.0073,21.82,10.00
wsc_tlh_belicoso_banner_a_728x90_html5,2026-07-18,750,4,0.0053,7.50,10.00
wsc_tlh_belicoso_banner_a_728x90_html5,2026-07-19,2243,16,0.0071,22.43,10.00
wsc_tlh_belicoso_banner_a_728x90_html5,2026-07-20,1024,6,0.0059,10.24,10.00
wsc_tlh_belicoso_banner_a_728x90_html5,2026-07-21,621,2,0.0032,6.21,10.00
wsc_tlh_belicoso_banner_a_728x90_html5,2026-07-22,1882,4,0.0021,18.82,10.00
wsc_tlh_belicoso_banner_a_728x90_html5,2026-07-23,990,4,0.004,9.90,10.00
wsc_tlh_belicoso_banner_a_728x90_html5,2026-07-24,2451,19,0.0078,24.51,10.00
wsc_tlh_belicoso_banner_a_728x90_html5,2026-07-25,635,3,0.0047,6.35,10.00
wsc_tlh_belicoso_banner_a_728x90_html5,2026-07-26,1915,10,0.0052,19.15,10.00
wsc_tlh_belicoso_banner_a_728x90_html5,2026-07-27,1447,2,0.0014,14.47,10.00
wsc_tlh_belicoso_banner_a_728x90_html5,2026-07-28,1422,10,0.007,14.22,10.00
wsc_tlh_belicoso_banner_a_728x90_html5,2026-07-29,723,1,0.0014,7.23,10.00
wsc_tlh_belicoso_banner_a_728x90_html5,2026-07-30,1813,13,0.0072,18.13,10.00
wsc_tlh_belicoso_banner_a_728x90_html5,2026-07-31,1280,2,0.0016,12.80,10.00
wsc_tlh_belicoso_banner_a_728x90_html5,2026-08-01,1644,0,0.0,16.44,10.00
wsc_tlh_belicoso_banner_a_728x90_html5,2026-08-02,1566,0,0.0,15.66,10.00
wsc_tlh_belicoso_banner_a_728x90_html5,2026-08-03,2041,0,0.0,20.41,10.00
wsc_tlh_belicoso_banner_a_728x90_html5,2026-08-04,1639,0,0.0,16.39,10.00
wsc_tlh_belicoso_banner_a_728x90_html5,2026-08-05,364,0,0.0,3.64,10.00
wsc_tlh_belicoso_banner_a_728x90_html5,2026-08-06,795,0,0.0,7.95,10.00
wsc_tlh_belicoso_banner_a_728x90_html5,2026-08-07,604,0,0.0,6.04,10.00
wsc_tlh_belicoso_banner_a_728x90_html5,2026-08-08,1420,0,0.0,14.20,10.00
wsc_tlh_belicoso_banner_a_728x90_html5,2026-08-09,1138,0,0.0,11.38,10.00
wsc_tlh_belicoso_banner_a_728x90_html5,2026-08-10,2063,0,0.0,20.63,10.00
wsc_tlh_belicoso_banner_a_728x90_html5,2026-08-11,1967,0,0.0,19.67,10.00
wsc_tlh_belicoso_banner_a_728x90_html5,2026-08-12,1453,0,0.0,14.53,10.00
